prompt,response,choice_a,choice_b,branch_type,atmosphere_level,dialogue_style,story_arc
"You arrive in Pine Hollow as fog rolls through the towering pines, here to investigate the disappearance of Sarah Chen","Sheriff Morrison greets you at the town limits, his weathered face unreadable. 'Detective, welcome to Pine Hollow. Coffee's fresh at Marge's Diner, and the station's just down Main Street. Hope you're ready for this one.'","Head straight to the diner to gather local intel","Go to the sheriff's station for the official briefing","sheriff_path","twin_peaks","straightforward_caring","opening"
"At Marge's Diner, the locals fall silent as you enter, their conversations dying mid-sentence","Marge wipes down the counter with practiced ease, her smile warm but her eyes watchful. 'Coffee, Detective? The cherry pie's fresh today, made it myself this morning. Though I suppose you're here about poor Sarah, everyone's been talking about it.'","Ask Marge about Sarah Chen directly","Order coffee and listen to the locals' whispered conversations","diner_path","twin_peaks","rambling_helpful","opening"
"The forest path behind Sarah's house leads into dense woods where the shadows seem to move","Ancient Douglas firs tower overhead, their branches creaking in the wind. You notice broken twigs and strange markings on the bark, as if something large passed through recently. The air smells of pine needles and something else... something you can't quite place.","Follow the broken twigs deeper into the forest","Examine the strange markings on the trees","forest_path","twin_peaks","quirky_observational","opening"
"After ordering coffee and waiting, Old Pete suddenly grabs your arm with surprising strength","His weathered hand shakes as he whispers urgently. 'You're asking the wrong questions, Detective. Sarah wasn't the first. Emma Rodriguez, three months ago. Billy Thompson, last summer. They all asked about the old mine shaft before they vanished.'","Demand Pete tell you about the mine shaft","Ask the sheriff about the previous disappearances","diner_path","twin_peaks","rambling_helpful","revelation"
"Sheriff Morrison's files reveal a disturbing pattern: seven disappearances over the past five years, all involving people who researched Pine Hollow's history","The sheriff pours another cup of coffee, his hands steady but his eyes troubled. 'I've been sheriff here for twenty years, Detective. These aren't random. Someone's been cleaning house, making sure certain secrets stay buried.'","Press the sheriff about what secrets he knows","Ask to see the case files for all seven disappearances","sheriff_path","twin_peaks","straightforward_caring","revelation"
"Following the markings leads you to a concealed entrance partially hidden by overgrown ferns","The concrete structure is old, Soviet-style construction that doesn't belong in a Pacific Northwest forest. Fresh boot prints circle the entrance. Your radio crackles with static, and you catch fragments of electronic music drifting from within.","Enter the concealed facility immediately","Call for backup before investigating further","forest_path","stranger_things","quirky_observational","revelation"
"The mine shaft entrance is sealed with modern concrete, but you notice fresh tool marks around the edges","Pete follows you to the old mining area, his breathing labored. 'They sealed it in '89, right after the accident. But see those marks? Someone's been trying to get in. Or maybe... trying to keep something from getting out.'","Use your equipment to break through the concrete seal","Search the area for another entrance","diner_path","stranger_things","rambling_helpful","escalation"
"Inside the underground facility, you discover a network of laboratories with equipment still humming","Computer terminals display data streams in languages you don't recognize. In the center of the main lab, a massive cylindrical chamber filled with glowing liquid houses something that might once have been human.","Approach the cylindrical chamber","Try to access the computer terminals","forest_path","stranger_things","quirky_observational","escalation"
"The sheriff leads you to a hidden room behind his office, walls covered in photographs and newspaper clippings","Morrison's voice drops to a whisper. 'Project Echo. Started in 1987, officially ended in '89. They were experimenting with consciousness transfer, trying to create soldiers who couldn't die. Sarah found the original documents.'","Ask Morrison how he knows about Project Echo","Demand to know what happened to Sarah","sheriff_path","stranger_things","straightforward_caring","escalation"
"Breaking through the concrete reveals a vertical shaft with fresh air flowing upward","Pete's eyes widen as you both hear the sound of machinery echoing from below. 'Dear God, they never shut it down. After all these years, it's still running.' Strange lights pulse from the depths, and you hear what sounds like voices calling for help.","Rappel down into the shaft immediately","Try to contact the surface before descending","diner_path","stranger_things","rambling_helpful","escalation"
"The computer terminals reveal Project Echo's true purpose: merging human consciousness with an extraterrestrial entity discovered in 1986","The screen displays footage of the experiments. Subjects convulsing as their minds are invaded by something alien. The final entry is dated yesterday: 'Subject 7 (S. Chen) showing promising integration. Consciousness merger at 73% completion.'","Try to reverse the consciousness merger process","Search for Sarah's physical location in the facility","forest_path","stranger_things","quirky_observational","climax"
"Morrison reveals he was part of the original Project Echo team as a young deputy","His voice cracks as he confesses. 'We thought we were serving our country. The thing they found... it wasn't dead. It was waiting. Sarah's mind is the final piece it needs to fully manifest in our reality. We have maybe hours before it's too late.'","Demand Morrison take you to the real facility","Ask Morrison how to stop the entity","sheriff_path","stranger_things","straightforward_caring","climax"
"At the bottom of the shaft, you find Sarah Chen connected to a massive organic machine that pulses with alien light","Her eyes open as you approach, but they're no longer entirely human. 'Detective,' she says in a voice that harmonizes with itself, 'you're too late. We are becoming something beautiful. Something necessary. Join us.'","Try to disconnect Sarah from the alien machine","Attempt to communicate with the merged consciousness","diner_path","stranger_things","rambling_helpful","climax"
"You discover the alien entity has been slowly integrating with Pine Hollow's residents for decades","The facility's main chamber reveals dozens of pods containing townspeople you've met - all connected to the central consciousness. The entity speaks through them in unison: 'We do not conquer. We transcend. Your investigation ends here, Detective.'","Fight to destroy the central consciousness","Try to find a way to free the trapped minds","forest_path","stranger_things","quirky_observational","climax"
"Morrison's final revelation: he's been the entity's willing servant for thirty years","His form begins to shift and blur as the alien influence takes control. 'You cannot stop what has already happened, Detective. Pine Hollow is our first step. Your world is next.' The town around you starts to feel unreal, dreamlike.","Confront the entity directly through Morrison","Attempt to escape Pine Hollow and warn the outside world","sheriff_path","stranger_things","straightforward_caring","resolution"
"In a desperate gambit, you manage to overload the facility's power systems","The alien machinery screams as electricity courses through it. Sarah's eyes clear for a moment: 'The backup facility... in Seattle... stop them...' Then the entire underground complex begins to collapse around you.","Try to save Sarah and escape together","Focus on escaping to warn others about Seattle","forest_path","stranger_things","quirky_observational","resolution" 